signature_index,prediction
dfa88f5ad13d62e580e592680f149a8e,1290.3792425158565
8564dc5c091e1e0a80c840690262fa4f,1149.3715923889777
b73e66a4fb85baadcf36b567e471305a,1505.2029790560116
9d9a0abac8b118133fee26654b6babe5,828.697861993192
